Titul;Jméno;Příjmení;Muž;Narozen;Rod. číslo;Č.op.;Ulice;Psč;Místo;Telefon;Vzd;vzdělání
;Petr;Král;PRAVDA;07.03.1934;340307/0432;002470 BC;Partizánská 123;984 01;Lučenec;730935 l.303;1;Zš
;Petr;Neckář;PRAVDA;22.05.1937;370522/0150;003430 BB;Národní 18;111 51;Praha 1;120507 l.6;1;Zš
;Luboš;Novák;PRAVDA;27.02.1958;580227/0105;003464 AM;Růžová 55;273 03;Stochov;986650 l.373;1;Zš
;Jan;Takáč;PRAVDA;01.09.1960;600901/0532;005210 BG;Hornádská 8;186 00;Praha 8;433544 l.389;2;Sš
;Jiřina;Pospíšilová;NEPRAVDA;23.02.1947;475223/0642;005837 BQ;Kotlanová 2;815 74;Bratislava;849296 l.545;2;Sš
Ing.;Milan;Zahálka;PRAVDA;19.09.1954;540919/0562;006239 AJ;Albrechtická 4;301 59;Plzeň;216303 l.741;3;Vš
Ing.;Roman;Jedlovský;PRAVDA;11.02.1950;500211/0689;009092 BD;Žižkova 12;042 89;Košice;180104 l.297;3;Vš
Ing.;Martin;Vlka;PRAVDA;21.03.1934;340321/0219;013251 BA;V úvalu 84;150 00;Praha 5;419048 l.564;3;Vš
Ing.;Ondřej;Tesař;PRAVDA;12.03.1957;570312/0643;014994 BM;Hollárova 14;146 20;Praha 4;682448 l.739;3;Vš
;Hana;Nováková;NEPRAVDA;26.03.1965;655326/0334;016776 AQ;Veverkova 8;813 61;Bratislava;422895 l.381;1;Zš
Ing.;Antonín;Dragun;PRAVDA;23.03.1960;600323/0017;017452 BX;Sokolská 420;041 59;Košice;432741 l.550;3;Vš
Mgr.;Václav;Bárta;PRAVDA;16.08.1944;440816/0209;019066 AR;Bystřická 7;116 68;Praha 1;913253 l.877;3;Vš
;Tomáš;Muller;PRAVDA;21.12.1933;331221/0620;019297 BK;Hlinská 8;160 00;Praha 6;385682 l.55;2;Sš
Mgr.;Tomáš;Stodůlka;PRAVDA;23.10.1954;541023/0405;020070 AS;Ciklova 31;405 00;Děčín;297598 l.67;3;Vš
;Miloš;Chodovský;PRAVDA;10.11.1948;481110/0571;021220 AG;Jirečkova 15;169 00;Praha 6;317407 l.778;2;Sš
Ing.;Libor;Voska;PRAVDA;18.01.1957;570118/0505;025426 BW;Jihlavská 5;544 01;Dvůr Králové;695830 l.311;3;Vš
;Kamil;Jany;PRAVDA;12.05.1947;470512/0322;026216 AV;Travní 55;052 01;Spišská N.Ves;10151 l.284;1;Zš
Ing.;Kamil;Bodenlos;PRAVDA;06.04.1934;340406/0264;026884 BT;Zábřežská 41;116 68;Praha 1;464612 l.496;3;Vš
Mgr.;Radovan;Mišurec;PRAVDA;27.05.1936;360527/0206;027292 BC;Na poříčí 30;516 11;Rychnov n.Kněž.;98391 l.420;3;Zš
Ing.;Juraj;Mareš;PRAVDA;02.01.1951;510102/0034;027726 AX;Moskevská 1/14;250 02;Stará Boleslav;187767 l.257;3;Zš
Ing.;Miroslava;Seifertová;NEPRAVDA;28.11.1947;476128/0647;029468 AX;Podolská 51;120 00;Praha 2;265923 l.149;3;Zš
Ing.;Kamil;Divín;PRAVDA;30.08.1968;680830/0692;032639 AR;Karlova 8;059 54;Tatranská Kotlina;130482 l.862;3;Zš
Ing.;Jan;Chvalovský;PRAVDA;19.03.1930;300319/0056;033074 AA;Tušimická 7;120 54;Praha 2;165081 l.531;3;Zš
Mgr.;Hana;Dubová;NEPRAVDA;03.10.1941;416003/0580;037198 BF;Na příkopě 7;160 00;Praha 6;101003 l.899;3;Zš
;Jan;Fux;PRAVDA;16.05.1934;340516/0086;039228 BO;Karpíškova 7;147 00;Praha 4;685121 l.76;2;Sš
;David;Blažek;PRAVDA;19.09.1950;500919/0358;040150 AS;Vršovická 68;339 01;Klatovy;951005 l.43;1;Vš
;František;Kindl;PRAVDA;25.08.1952;520825/0378;041650 BF;Žižkova 1;974 45;Banská Bystrica;705679 l.18;1;Vš
;Petr;Lebeda;PRAVDA;13.12.1948;481213/0160;043908 BM;Lučenská cesta;949 24;Nitra;739056 l.302;2;Sš
Mgr.;Ivan;Kout;PRAVDA;03.05.1954;540503/0403;051375 BE;Čelakovskeho 10;656 38;Brno;279520 l.88;3;Zš
Mgr.;Alois;Hlinka;PRAVDA;06.09.1970;700906/0172;061834 BK;Lidická 80;701 71;Ostrava;446520 l.322;3;Zš
Dr.;Pavel;Sekora;PRAVDA;04.04.1944;370903/0444;062155 BT;Francouzská 55;130 00;Praha 3;316554 l.85;3;Zš
Ing.;Luboš;Tvrdý;PRAVDA;14.04.1933;330414/0596;065546 BN;Nerudova 18;150 00;Praha 5;806808 l.135;3;Zš
Ing.;Petr;Bureš;PRAVDA;21.02.1955;550221/0572;067838 BJ;Sabinova 5;350 13;Cheb;88217 l.758;3;Zš
Ing.;Jan;Bartko;PRAVDA;05.12.1933;331205/0198;067980 BA;Teplická 395;832 98;Bratislava;890558 l.802;3;Zš
;Ivan;Halás;PRAVDA;08.06.1958;580608/0553;068615 AX;Kubánské nám. 1;111 72;Praha 1;689541 l.468;2;Sš
;Jan;Hladký;PRAVDA;07.07.1945;450707/0634;068861 BJ;Zábřežská 41;544 01;Dvůr Králové;965821 l.190;1;Vš
;Milan;Klapal;PRAVDA;16.06.1940;400616/0152;070584 BX;nám.Karla IV. 9;586 01;Jihlava;562957 l.704;1;Vš
Ing.;Jaroslav;Chudoba;PRAVDA;10.09.1945;450910/0358;071135 BS;Jilemnického 12;410 02;Lovosice;762271 l.786;3;Zš
;Richard;Drábek;PRAVDA;30.08.1949;490830/0326;072002 AB;Olšanská 9;612 69;Brno;813355 l.982;1;Vš
;Kamil;Suchánek;PRAVDA;30.06.1965;650630/0105;074706 AU;Rudná 31;538 04;Prachovice;145349 l.93;1;Vš
;Petr;Křístek;PRAVDA;21.06.1932;320621/0138;077746 AU;Bořkovská 235;586 01;Jihlava;604597 l.828;2;Sš
;Tomáš;Girman;PRAVDA;23.07.1936;360723/0526;082390 AV;Rastislavova 93;141 00;Praha 4;399861 l.343;1;Vš
JUDr.;František;Lipovský;PRAVDA;04.09.1935;350904/0539;083413 BP;Heroldovo nábř.;190 11;Praha - Běchovice;16395 l.814;3;Zš
MUDr.;Miroslav;Sochr;PRAVDA;11.02.1963;630211/0367;084794 BG;Třebohostická;294 41;Dobrovice;544598 l.905;3;Zš
Ing.;Marie;Drhovská;NEPRAVDA;12.10.1931;316012/0235;085130 BW;Lánova 7;113 94;Praha 1;943901 l.914;3;Zš
Ing.;Ladislav;Synáček;PRAVDA;16.07.1945;450716/0347;093118 BD;E.Krásnohorské;434 01;Most;745127 l.671;3;Zš
Ing.;Jan;Růžička;PRAVDA;30.01.1932;320130/0495;095802 BI;Náchodská 530;537 60;Chrudim;304253 l.237;3;Zš
Ing.;Ondřej;Haněl;PRAVDA;12.05.1940;400512/0202;097039 AJ;nám.Svobody 23;760 00;Zlín;547201 l.303;3;Zš
Ing.;Milan;Maťánek;PRAVDA;18.11.1946;461118/0638;097917 BV;Dříňová 3;709 82;Ostrava;166758 l.6;3;Zš
Mgr.;Radek;Herwig;PRAVDA;07.03.1961;610307/0049;099153 BX;Buzulucká 7;738 02;Frýdek-Místek;301116 l.242;3;Zš
Ing.;Oldřich;Benda;PRAVDA;14.01.1971;710114/0457;109513 AF;Vysočanské nám.;400 78;Ústí nad Labem;420274 l.85;3;Zš
;František;Martin;PRAVDA;17.07.1959;590717/0137;109818 BQ;Tyršovo nám. 81;140 00;Praha 4;370487 l.683;1;Vš
Mgr.;Petr;Naščák;PRAVDA;25.08.1958;580825/0157;113146 AG;Na Výtoni 12;582 22;Přibyslav;105449 l.146;3;Zš
Ing.;Miroslav;Tibenský;PRAVDA;22.11.1968;681122/0455;117194 BU;Kouřimská 9;537 00;Chrudim;881110 l.210;3;Zš
Mgr.;Lucie;Novotná;NEPRAVDA;03.10.1962;626003/0672;119347 AW;Na hroudě 15;170 00;Praha 7;457713 l.313;3;Zš
;Petr;Habarta;PRAVDA;11.05.1940;400511/0250;120021 BK;Vavřenova 1169;812 31;Bratislava;13598 l.395;1;Vš
;Jan;Tomek;PRAVDA;22.10.1930;301022/0128;123462 AG;Tyršovo nám. 81;252 63;Roztoky u Prahy;888426 l.710;1;Vš
;Petr;Fifík;PRAVDA;29.08.1947;470829/0531;124189 AP;Vladislavova 12;128 08;Praha 2;505629 l.718;1;Vš
Mgr.;Ivana;Beranová;NEPRAVDA;04.02.1951;515204/0477;125718 BC;Liliová 3;770 00;Olomouc;749158 l.850;3;Zš
Mgr.;Jan;Nohejl;PRAVDA;28.11.1947;471128/0503;126630 AP;Nádražní 104;915 01;Nové Mesto n.V.;70725 l.263;3;Zš
Ing.;Josef;Malík;PRAVDA;14.06.1956;560614/0078;127848 AB;Vinohradská 8;036 07;Vrútky;339415 l.700;3;Zš
Ing.;Milan;Čunderlík;PRAVDA;15.03.1934;340315/0234;128085 AJ;28.října 86;537 33;Chrudim;881035 l.327;3;Zš
;Jan;Třebický;PRAVDA;13.05.1957;570513/0425;130352 BB;Junácká 8;072 22;Strážské;467325 l.241;2;Sš
;Oldřich;Bednařík;PRAVDA;27.01.1953;530127/0608;132175 AU;Boleslavská 418;010 67;Žilina;307639 l.275;2;Sš
Ing.;Miroslav;Jirásek;PRAVDA;13.02.1955;550213/0138;132367 BM;Londýnská 12;272 00;Kladno;53068 l.419;3;Zš
Ing.;František;Branda;PRAVDA;23.08.1965;650823/0241;133028 BC;Karmelitská 98;370 10;České Budějovice;781389 l.280;3;Zš
;Oldřich;Brant;PRAVDA;28.07.1970;700728/0641;133999 BU;Mírové nám. 5;696 81;Bzenec;956722 l.579;2;Sš
Ing.;Gustav;Chodraba;PRAVDA;19.11.1945;451119/0279;134022 BT;Moskevská 63;156 00;Praha 5;828044 l.106;3;Zš
;Richard;Beneš;PRAVDA;21.01.1964;640121/0561;135476 BL;Levočská 716/50;146 00;Praha 3;119050 l.331;2;Sš
Ing.;Tomáš;Čech;PRAVDA;29.12.1939;391229/0540;136028 BT;Na Borech 396;400 56;Ústí nad Labem;596645 l.210;3;Zš
RNDr.;Stanislav;Novobílský;PRAVDA;23.02.1956;560223/0299;136238 AG;Hradčanská 77;918 64;Trnava;367250 l.35;3;Zš
;Petr;Krpec;PRAVDA;06.03.1960;600306/0089;141839 AI;Tádžická 1423/4;696 85;Moravský Písek;691335 l.155;1;Vš
;Jan;Kraus;PRAVDA;01.02.1960;600201/0425;143786 AM;Vlkanova 15;040 01;Košice;304899 l.553;1;Vš
Mgr.;Petr;Tupa;PRAVDA;03.11.1957;571103/0290;144055 AR;Buštěhradská l1;113 39;Praha 2;488686 l.604;3;Zš
Ing.;Josef;Tyl;PRAVDA;27.02.1940;400227/0591;152121 AD;Jednoty 1620;110 00;Praha 1;46500 l.632;3;Zš
;Petr;Pečený;PRAVDA;12.06.1940;400612/0195;154678 AQ;Černokostelecká;762 72;Zlín;966822 l.557;2;Sš
;Radim;Čáslavský;PRAVDA;07.10.1963;631007/0234;156828 BJ;Hranická 8;110 00;Praha 1;709991 l.750;2;Sš
;Lubomír;Kopecký;PRAVDA;26.04.1968;680426/0033;156870 AE;Žižkova 12;112 75;Praha 1;305060 l.66;1;Vš
;Petr;Novák;PRAVDA;28.07.1934;340728/0593;161031 AX;Revoluční 845;286 15;Čáslav;794493 l.894;1;Vš
;Jan;Bayer;PRAVDA;28.08.1958;580828/0111;161768 AI;Výškovická 40;440 22;Louny;340925 l.965;1;Vš
Ing.;František;Becher;PRAVDA;10.12.1948;481210/0573;162900 BC;Grossmannova 35;110 00;Praha 1;663353 l.110;3;Zš
Ing.;Kamil;Hájek;PRAVDA;07.09.1959;590907/0577;164289 BI;Novodvorská 12;274 01;Slaný;888108 l.242;3;Zš
;Jarmila;Milenovská;NEPRAVDA;05.05.1940;405505/0345;166472 AM;B.Němcové 5;293 01;Mladá Boleslav;459716 l.353;2;Sš
;Frantisek;Beseda;PRAVDA;12.07.1957;570712/0389;167669 BA;Úslavská 75;272 00;Kladno;44561 l.70;1;Vš
;František;Čech;PRAVDA;14.04.1959;590414/0500;175243 AO;Botanická 56;150 21;Praha 5;689519 l.702;2;Sš
MUDr.;Radek;Kurz;PRAVDA;10.11.1963;631110/0378;178261 BW;Tř.T. Bati-63;783 91;Uničov;643104 l.65;3;Zš
Ing.;Milan;Havlíček;PRAVDA;28.04.1960;600428/0464;178670 BC;Partyzánska 7;709 74;Ostrava;204115 l.920;3;Zš
Ing.;Jan;Janovčík;PRAVDA;04.06.1937;370604/0597;181296 BS;Zakladatelská 9;272 00;Kladno;685216 l.918;3;Zš
;Ivo;Kareš;PRAVDA;12.12.1954;541212/0668;184071 AA;Podvěsná 78;301 36;Plzeň;296474 l.289;1;Vš
RNDr.;Stanislava;Preslová;NEPRAVDA;01.01.1969;695101/0325;184252 BC;Jindřišská 24;140 00;Praha 4;171809 l.103;3;Zš
Ing.;Ivan;Novák;PRAVDA;14.08.1949;490814/0306;184926 BJ;Chelčického 18;280 00;Kolín;954936 l.702;3;Zš
Ing.;Miroslav;Fulnek;PRAVDA;22.09.1957;570922/0106;186528 BU;Ke Karlovu 3;100 05;Praha 10;558779 l.565;3;Zš
Mgr.;Kamil;Liška;PRAVDA;31.07.1954;540731/0190;193060 AM;Liberecká 78;657 92;Brno;533219 l.738;3;Zš
Ing.;Jaromír;Kodet;PRAVDA;27.05.1945;450527/0276;193147 BK;Emila Klímy 15;120 00;Praha 2;337463 l.161;3;Zš
;Josef;Špičan;PRAVDA;03.10.1933;331003/0191;193864 BE;Ostravská 8;537 01;Chrudim;541725 l.920;1;Vš
Ing.;František;Juřík;PRAVDA;30.11.1938;381130/0578;194939 AE;Gerská 28;370 01;České Budějovice;925412 l.207;3;Zš
PhDr.;Lubor;Kadidlo;PRAVDA;23.11.1956;561123/0128;198072 AO;Bezručova 4219;968 18;Nová Baňa;168455 l.900;3;Zš
Ing.;Karel;Slavík;PRAVDA;02.05.1964;640502/0490;201403 BU;Sportovní 24;300 00;Plzeň;624396 l.55;3;Zš
RNDr.;Jan;Gubančík;PRAVDA;21.01.1955;550121/0513;202869 AU;Jírova 99;041 65;Košice;905622 l.165;3;Zš
RNDr.;Juraj;Porubksý;PRAVDA;28.12.1944;441228/0031;203991 AR;Dukel.hrdinů 39;160 01;Praha 6;636825 l.322;3;Zš
;Miroslav;Vlk;PRAVDA;06.06.1970;700606/0421;204384 AU;Průmyslová 862;110 00;Praha 1;373010 l.576;1;Vš
Ing.;Radek;Lomnický;PRAVDA;20.09.1942;420920/0288;204926 AL;Staromlýnská 8;300 00;Plzeň;960027 l.59;3;Zš
;Dušan;Kchimel;PRAVDA;26.06.1948;480626/0498;209773 AW;Bezručova 8;010 01;Žilina;9117 l.636;2;Sš
JUDr.;František;Antoš;PRAVDA;14.02.1968;680214/0215;210076 BU;Hlinská 8;130 00;Praha 3;609454 l.353;3;Zš
Ing.;Hana;Miková;NEPRAVDA;12.01.1955;555112/0475;211858 BD;Olbrachtova 8;120 00;Praha 2;540381 l.272;3;Zš
Ing.;Anna;Chocholová;NEPRAVDA;16.11.1967;676116/0398;215928 AL;Anenské nám. 6;120 00;Praha 2;836681 l.294;3;Zš
Ing.;Petr;Hlavín;PRAVDA;21.05.1957;570521/0653;216464 AF;Jablonského 5;170 04;Praha 7;67729 l.593;3;Zš
;Radim;Holík;PRAVDA;21.07.1942;420721/0382;216661 AG;Hodonínská 8;547 31;Náchod;66298 l.30;2;Sš
MUDr.;Jan;Bříza;PRAVDA;10.08.1947;470810/0053;216846 BA;Martinovská 322;811 08;Bratislava;295290 l.282;3;Zš
Ing.;Jaroslav;Kamínek;PRAVDA;06.08.1965;650806/0084;217490 BH;Velkomoravská 7;415 01;Teplice;23437 l.17;3;Zš
Ing.;Gustav;Bílek;PRAVDA;05.07.1936;360705/0564;218218 AE;Mydlářka 1;331 52;Dolní Bělá;945801 l.423;3;Zš
Ing.;Alois;Kratochvíl;PRAVDA;14.03.1944;440314/0188;229845 BF;Sestupná 177;926 14;Sereď;786096 l.122;3;Zš
Ing.;Jan;Dvořák;PRAVDA;24.06.1961;610624/0532;238616 AQ;Stanislavova 15;762 51;Zlín-Louky;863834 l.38;3;Zš
RNDr.;Petr;Procházka;PRAVDA;05.03.1941;410305/0255;239304 AS;Majerové 7;350 01;Cheb;430647 l.673;3;Zš
;František;Novotný;PRAVDA;11.01.1933;330111/0360;240976 AC;ul.8.května 15;017 01;Pováž.Bystrica;395483 l.817;1;Vš
Ing.;Petr;Minichbauer;PRAVDA;26.02.1931;310226/0412;246660 BX;Jablková 8;040 01;Košice;130589 l.301;3;Zš
Ing.;Tomáš;Bučík;PRAVDA;26.08.1950;500826/0167;247060 BX;Rumjancevova 3;460 01;Liberec;286642 l.940;3;Zš
RNDr.;Jan;Illinger;PRAVDA;14.05.1969;690514/0572;247909 BB;Divišova 2818;560 21;Česká Třebová;123331 l.887;3;Zš
;Jan;Zítko;PRAVDA;07.11.1956;561107/0499;250739 AV;Tyršovo nám. 81;400 01;Ústí nad Labem;970111 l.618;1;Vš
Ing.;Tomáš;Tichý;PRAVDA;22.02.1942;420222/0313;256067 AK;Nerudova 888;370 01;České Budějovice;946989 l.311;3;Zš
;František;Kafka;PRAVDA;10.06.1948;480610/0506;256724 AI;Jízdárna 381;688 01;Uherský Brod;709831 l.516;2;Sš
Ing.;Tomáš;Stark;PRAVDA;29.12.1943;431229/0340;258907 BS;Komárňanská 32;140 57;Praha 4;809918 l.287;3;Zš
Ing.;Josef;Malina;PRAVDA;02.01.1945;450102/0533;264191 BI;Zlatnická 2;586 00;Jihlava;72347 l.271;3;Zš
Ing.;Milan;Toman;PRAVDA;25.10.1952;521025/0020;269179 AC;Nádražní 88;783 91;Uničov;435755 l.807;3;Zš
;Tomáš;Dittrich;PRAVDA;11.02.1946;460211/0480;276054 BM;Šafaříkova 13;537 60;Chrudim;349059 l.56;1;Vš
Ing.;Igor;Eisner;PRAVDA;18.06.1932;320618/0445;279513 BI;Zakladatelská 9;975 90;Banská Bystrica;895511 l.520;3;Zš
RNDr.;Roman;Borecký;PRAVDA;30.04.1961;610430/0483;280403 AM;Malá 7;812 17;Bratislava;115814 l.695;3;Zš
Ing.;Gustav;Podkonický;PRAVDA;29.03.1955;550329/0182;281247 AS;Údolní 19;362 37;Horní Blatná;823029 l.552;3;Zš
MUDr.;Ivan;Vodička;PRAVDA;03.09.1958;580903/0646;281936 BA;Třebíčská 1173;150 00;Praha 5;942385 l.598;3;Zš
Ing.;Tomáš;Stančík;PRAVDA;26.06.1951;510626/0480;284863 BU;Poděbradova 2;290 01;Poděbrady;966994 l.917;3;Zš
Ing.;Josef;Kurz;PRAVDA;30.10.1937;371030/0008;287647 AM;Písečná 449;113 26;Praha 1;845910 l.274;3;Zš
;Bohumil;Orság;PRAVDA;06.05.1963;630506/0500;291317 BG;Poříčí 3a;537 60;Chrudim;54769 l.653;1;Vš
RNDr.;Jan;Dřímal;PRAVDA;14.07.1968;680714/0419;295721 BS;Česká 6;120 00;Praha 2;690451 l.283;3;Zš
Mgr.;Josef;Forejtík;PRAVDA;22.03.1965;650322/0413;297727 AW;Pod šancemi 444;120 55;Praha 2;773624 l.69;3;Zš
JUDr.;František;Krenek;PRAVDA;25.08.1969;690825/0283;305641 BM;Herbenova 16;796 48;Prostějov;515074 l.410;3;Zš
;Miroslav;Zeman;PRAVDA;26.05.1944;440526/0423;307069 AH;Kinského 132;110 00;Praha 1;975237 l.695;2;Sš
Ing.;Igor;Kohút;PRAVDA;16.02.1949;490216/0145;309341 AH;Veselého 1645/4;628 00;Brno;186669 l.355;3;Zš
;Hugo;Lhotský;PRAVDA;12.01.1950;500112/0381;313049 AG;Václavské nám.5;761 08;Zlín;342873 l.84;1;Vš
;Petr;Lička;PRAVDA;08.07.1962;620708/0068;313245 AN;1.čsl.brigády;532 13;Pardubice;166923 l.198;3;Zš
;Tomáš;Tomášik;PRAVDA;07.09.1958;580907/0155;318449 BD;Armádní 77;165 00;Praha 6;850376 l.135;2;
RNDr.;František;Pavlín;PRAVDA;18.03.1960;600318/0480;322435 AE;Slánská 58;695 32;Hodonín;443020 l.92;3;
;Milan;Srb;PRAVDA;02.04.1939;390402/0544;330287 AX;Školní 2235;432 01;Kadaň;818890 l.379;1;
Ing.;Milan;Gottfried;PRAVDA;25.09.1968;680925/0443;334642 BD;ul.28. října;602 00;Brno;247624 l.556;3;
;Tomáš;Pyšný;PRAVDA;15.07.1936;360715/0242;334876 AR;Slavíčkova 1a;040 01;Košice;397258 l.388;1;
RNDr.;Milan;Chabák;PRAVDA;12.03.1930;300312/0157;335259 BJ;Malého 8;293 60;Mladá Boleslav;996886 l.663;3;
Ing.;Josef;Malický;PRAVDA;15.04.1957;570415/0054;335321 BJ;Vinařská 6;660 91;Brno;204492 l.159;3;
Ing.;Ivo;Kolumbus;PRAVDA;05.05.1936;360505/0091;345312 AM;Seifertova 1841;701 71;Ostrava;842548 l.32;3;
;Jiří;Ludvík;PRAVDA;08.09.1944;440908/0687;348227 AM;Lannova 26;156 09;Praha 4;556480 l.677;2;
;Petr;Klíma;PRAVDA;19.11.1969;691119/0190;351332 BP;Rudolfovská 92;697 01;Kyjov;227434 l.136;1;
Ing.;Milan;Bubla;PRAVDA;17.05.1966;660517/0628;351372 BA;Mánesova 3;601 67;Brno;527674 l.488;3;
Mgr.;Stanislava;Kolář;PRAVDA;17.10.1953;531017/0137;354378 AD;Radobyčická 24;317 57;Plzeň;137410 l.220;3;
Ing.;Marie;Dvořáková;NEPRAVDA;12.10.1958;586012/0476;355589 BX;Komenského 402;736 01;Havířov;104364 l.185;3;
Ing.;Petr;Novotný;PRAVDA;18.03.1952;520318/0637;357444 AW;Na bojišti 26;704 00;Ostrava;446799 l.4;3;
Ing.;Marie;Lognerová;NEPRAVDA;29.07.1955;555729/0206;360154 BW;Bořkovská 235;113 87;Praha 1;943823 l.189;3;
;Antonín;Moc;PRAVDA;21.10.1955;551021/0242;367500 BV;ul.8.května 15;118 01;Praha 1;36065 l.296;1;
Ing.;Petr;Hlubuček;PRAVDA;23.11.1945;451123/0051;367511 AW;Valdštejnského;960 03;Zvolen;329738 l.383;3;
Mgr.;Danica;Řehořová;NEPRAVDA;01.06.1946;465601/0650;368943 AF;Pobřežní 2;280 00;Kolín;194533 l.764;3;
;Tomáš;Benko;PRAVDA;24.03.1967;670324/0588;370958 BA;Husitská 5;112 86;Praha 1;659415 l.771;2;
Ing.;Petr;Kott;PRAVDA;29.04.1937;370429/0489;375351 BI;Tyršova 3;500 00;Hradec Králové;65913 l.722;3;
Ing.;Jiří;Ziegler;PRAVDA;25.11.1969;691125/0622;375461 BA;Trávníčkova 174;580 01;Havlíčkův Brod;651949 l.303;3;
;Jan;Novák;PRAVDA;16.11.1936;361116/0684;378176 BK;Kožušnícka 4;562 06;Ústí nad Orlicí;532811 l.36;2;
Mgr.;Vladimír;Pokorný;PRAVDA;05.04.1930;300405/0384;383850 BJ;Lieskovská  141;111 48;Praha 1;44056 l.363;3;
;Monika;Hasalová;NEPRAVDA;21.12.1966;666221/0071;384802 AL;Ulrichovo nam.;962 13;Detva;116235 l.12;1;
;Petr;Dopita;PRAVDA;17.11.1969;691117/0040;385306 BS;Kladenská 7;796 00;Prostějov;305635 l.617;2;
;Jan;Kuchyňář;PRAVDA;12.10.1951;511012/0581;388900 AL;Jeronýmova 7;432 01;Kadaň;892832 l.283;2;
MUDr.;Bohumil;Lípa;PRAVDA;11.10.1937;371011/0433;393273 BB;Vlkova 72;753 00;Hranice;88056 l.519;3;
;Juraj;Černá;PRAVDA;29.11.1932;321129/0034;393444 AK;Tř.T. Bati;017 01;Pováž.Bystrica;883178 l.952;1;
Ing.;Slavomír;Starý;PRAVDA;14.05.1933;330514/0021;393568 AD;Rumjancevova 3;921 01;Piešťany;625174 l.877;3;
Ing.;Petr;Šimek;PRAVDA;14.01.1946;460114/0119;395417 BT;U vozovny 6;112 75;Praha 1;484982 l.648;3;
Ing.;Martin;Jelínek;PRAVDA;18.11.1942;421118/0371;397321 BJ;Družstevní 1295;140 00;Praha 4;942444 l.771;3;
Ing.;David;Žáček;PRAVDA;02.08.1941;410802/0267;398062 AV;Kolínská 22/173;036 07;Vrútky;927671 l.181;3;
Ing.;Jaromír;Routa;PRAVDA;29.04.1955;550429/0233;398496 AV;Na Florenci 29;041 59;Košice;20055 l.390;3;
;František;Kořínek;PRAVDA;12.03.1947;470312/0347;401837 BI;Jeremenkova 42;922 41;Drahovce;599227 l.333;2;
Ing.;Zbyněk;Belvončík;PRAVDA;13.03.1935;350313/0246;409550 AL;nám.L.Štúra 1;140 00;Praha 4;618875 l.215;3;
;Pavel;Chocholouš;PRAVDA;14.03.1959;590314/0177;409640 AE;Revoluční 2;160 08;Praha 6;345717 l.936;1;
Ing.;Ivan;Budil;PRAVDA;18.09.1969;690918/0173;409993 BG;Táborská 350;434 67;Most;304666 l.679;3;
MUDr.;Jan;Henyš;PRAVDA;30.11.1966;661130/0324;410468 BL;Masarykova 49;783 13;Štěpánov;155327 l.751;3;
;Petr;Kubát;PRAVDA;23.03.1965;650323/0527;411680 BP;nám. Republiky;501 03;Hradec Králové;182926 l.268;1;
Ing.;Jan;Potštejský;PRAVDA;26.02.1964;640226/0296;413745 AE;Jičínská 1073;288 02;Nymburk;174052 l.437;3;
;František;Brauer;PRAVDA;05.08.1936;360805/0215;417996 AR;Úzká 78;160 01;Praha 6;164224 l.183;1;
;Luboš;Kašpar;PRAVDA;13.01.1931;310113/0290;418159 BI;Sladkovského 21;130 00;Praha 3;741127 l.666;1;
;Tomáš;Červenka;PRAVDA;20.11.1960;601120/0282;419362 AE;Kšírova 186;288 80;Nymburk;256171 l.866;2;
;Michaela;Rousová;NEPRAVDA;20.05.1961;615520/0017;420917 AS;Matulíkova 21;110 00;Praha 1;544599 l.696;2;
Ing.;Vladimír;Grudl;PRAVDA;17.03.1937;370317/0358;421744 BK;nám.Karla IV. 9;835 17;Bratislava;310142 l.686;3;
Ing.;Milan;Navrátil;PRAVDA;19.01.1971;710119/0279;423575 AM;Uranová 7;110 00;Praha 1;639187 l.17;3;
Ing.;Jan;Vitásek;PRAVDA;24.04.1938;380424/0220;424944 AX;Klemensova 8;956 41;Uhrovec;213787 l.790;3;
Mgr.;Tomáš;Dostál;PRAVDA;25.01.1963;630125/0637;429058 AD;Na příkopě 14;530 02;Pardubice;479204 l.688;3;
;Miroslav;Lauryn;PRAVDA;30.06.1945;450630/0527;435887 BB;Letenská 15;170 00;Praha 7;870218 l.849;2;
;Julie;Kratochvílová;NEPRAVDA;17.02.1942;425217/0174;435963 AD;Národní 18;190 00;Praha 9;13696 l.538;1;
Ing.;Jaroslav;Hřeben;PRAVDA;07.05.1935;350507/0485;436058 BA;Vrbova 1233;513 01;Semily;13194 l.755;3;
Ing.;Bohumil;Pospíšil;PRAVDA;08.09.1949;490908/0142;451339 AP;Školní 49;537 01;Chrudim;592242 l.434;3;
;Petr;Talášek;PRAVDA;15.01.1949;490115/0095;457152 BR;Dr E.Beneše 6;530 02;Pardubice;183222 l.393;2;
JUDr.;Dana;Čáslavská;NEPRAVDA;17.03.1954;545317/0268;461375 BS;Hlavní 21;160 00;Praha 6;800585 l.557;3;
Ing.;Pavel;Glazar;PRAVDA;21.12.1940;401221/0599;466248 AS;U sila 7;756 61;Rožnov;414514 l.309;3;
;Anna;Dokulilová;NEPRAVDA;03.07.1958;585703/0593;467763 AN;Mánesova 3;100 05;Praha 10;274655 l.203;2;
;Petr;Rádl;PRAVDA;06.09.1945;450906/0414;477868 AD;Na Cikánce 2;199 00;Praha 9;451322 l.759;2;
;Petr;Bláha;PRAVDA;16.02.1966;660216/0125;479459 BW;Husova 6;440 22;Louny;925843 l.997;2;
;Jan;Čebykin;PRAVDA;30.12.1933;331230/0258;480012 BI;Údolní 1147;100 41;Praha 10;1580 l.557;1;
;Tomáš;Bareš;PRAVDA;16.02.1970;700216/0441;484412 AG;Okružní 25;816 46;Bratislava;356719 l.289;1;
Mgr.;Jaroslav;Veselý;PRAVDA;15.02.1947;470215/0277;485829 BI;Na Zderaze 15;370 86;České Budějovice;161938 l.412;3;
Ing.;Tomáš;Straka;PRAVDA;07.07.1947;470707/0134;489460 AD;U Kolbenky 159;140 00;Praha 4;427670 l.523;3;
Ing.;Jan;Chovanec;PRAVDA;01.11.1968;681101/0333;490614 BG;Štětkova 18;824 67;Bratislava;605558 l.774;3;
;Josef;Vítkovský;PRAVDA;07.08.1969;690807/0292;498506 BR;Škvárova 56;390 53;Tábor;563340 l.713;1;
Ing.;Josef;Mazanec;PRAVDA;14.04.1938;380414/0069;499010 AC;Jablonecká 7;181 00;Praha 8;933373 l.364;3;
Ing.;Aleš;Fabišík;PRAVDA;29.05.1967;670529/0415;504598 BU;Sekaninova 769;100 00;Praha 10;973914 l.825;3;
;František;Kotek;PRAVDA;26.09.1942;420926/0324;509714 BN;Drnovská 507;251 01;Říčany;295272 l.149;2;
Mgr.;Aleš;Šťastný;PRAVDA;12.03.1937;370312/0019;509752 AH;Na Valše 21;349 31;Stříbro;518464 l.936;3;
Ing.;Roman;Finka;PRAVDA;29.05.1938;380529/0426;511314 AG;Sportovní 3;145 00;Praha 4;548688 l.841;3;
;František;Vrba;PRAVDA;29.06.1947;470629/0137;513202 BD;T.G.Masaryka 6;911 22;Trenčín;113043 l.931;1;
Mgr.;Juraj;Kindl;PRAVDA;07.04.1948;480407/0114;515821 BF;Brněnská 442;053 42;Krompachy;393415 l.337;3;
MUDr.;Michal;Sedlák;PRAVDA;28.02.1950;500228/0323;519805 AT;Třebohostická 5;466 01;Jablonec n.Nisou;583808 l.789;3;
MUDr.;Milan;Papež;PRAVDA;27.07.1970;700727/0462;520445 BL;Masarykovo nám.;403 31;Neštěmice;528546 l.901;3;
Ing.;Vratislav;Ňouma;PRAVDA;05.08.1954;540805/0014;521961 AM;Thákurova 7;112 84;Praha 1;247559 l.422;3;
Mgr.;Michal;Droganov;PRAVDA;19.09.1935;350919/0298;527087 AB;Pod Kotlářkou 3;517 02;Kvasiny;900512 l.125;3;
;Petr;Doležal;PRAVDA;25.04.1969;690425/0552;529776 BQ;Branická 107;272 00;Kladno;243612 l.599;2;
RNDr.;Petr;Maitner;PRAVDA;15.03.1940;400315/0209;529825 BS;Kazimírova 8;696 85;Moravský Písek;710466 l.268;3;
;Milan;Jirman;PRAVDA;05.08.1955;550805/0408;532685 AD;Vyžlovská 2251;010 47;Žilina;822591 l.593;1;
;Petr;Veselý;PRAVDA;11.06.1952;520611/0490;535153 AW;Kojetínská 6;033 15;Lipt. Hrádok;339905 l.613;2;
;Helena;Kulhavá;NEPRAVDA;28.06.1944;445628/0326;536069 AD;ul.8.května 15;400 01;Ústí nad Labem;219911 l.878;1;
Ing.;Jan;Jedlan;PRAVDA;01.04.1935;350401/0012;536914 AO;Smečky 28;466 01;Jablonec n.Nisou;308067 l.894;3;
MUDr.;Igor;Žáček;PRAVDA;08.02.1963;630208/0467;546493 AL;Masarykova 49;977 01;Brezno;947267 l.463;3;
Ing.;Jiri;Pinkas;PRAVDA;13.03.1945;450313/0481;547442 AG;Jungmannova 29;290 34;Poděbrady;180888 l.714;3;
Ing.;Petr;Karel;PRAVDA;20.07.1968;680720/0184;548400 BP;Na cvičišti 541;370 67;České Budějovice;988600 l.400;3;
Ing.;Jaromír;Kutal;PRAVDA;03.03.1949;490303/0008;549640 BN;Kamenomlýnská 7;812 19;Bratislava;823157 l.953;3;
;Michal;Schlindenbuch;PRAVDA;06.12.1943;431206/0551;549758 AT;Polská 3;080 87;Prešov;382689 l.304;1;
Ing.;Tomáš;Ryčl;PRAVDA;22.08.1957;570822/0246;551388 AU;Fugnerovo nám.;170 00;Praha 7;58714 l.643;3;
;Ladislav;Horký;PRAVDA;14.07.1957;570714/0427;551888 AS;Králertova 90;371 87;České Budějovice;636243 l.874;2;
Ing.;Jiří;Balcar;PRAVDA;28.05.1954;540528/0377;554629 AA;Lázeňské nám. 4;779 00;Olomouc;709193 l.426;3;
MUDr.;Petr;Kadlečík;PRAVDA;03.08.1932;320803/0652;559000 BS;Masarykovo n. 1;960 00;Zvolen;5430 l.971;3;
PhDr.;Jan;Mikovec;PRAVDA;21.06.1943;430621/0499;563703 BE;Bezručova 730;010 47;Žilina;732521 l.824;3;
Ing.;Tomáš;Lipka;PRAVDA;28.09.1930;300928/0055;564156 AV;Táborská 57;140 00;Praha 4;327948 l.692;3;
Mgr.;Lucie;Kotrsová;NEPRAVDA;17.05.1969;695517/0162;564698 BV;Nádražní 308;659 08;Brno;895788 l.401;3;
;Jan;Horst;PRAVDA;14.02.1969;690214/0019;567431 BU;Lannova 63;656 84;Brno;755419 l.892;2;
Mgr.;Tomáš;Pánek;PRAVDA;25.03.1944;440325/0481;568127 BW;Plzeňská 8;272 00;Kladno;579017 l.213;3;
RNDr.;Jan;Severa;PRAVDA;25.08.1959;590825/0328;571160 AK;Mírová 19;537 01;Chrudim;610259 l.359;3;
;Tomáš;Wágner;PRAVDA;30.01.1943;430130/0153;573717 AA;Podolská 1;812 31;Bratislava;998966 l.487;1;
Ing.;Petr;Hus;PRAVDA;26.07.1941;410726/0597;574113 BV;Topolčianská 22;140 00;Praha 2;177770 l.699;3;
Mgr.;Ilona;Ligrová;NEPRAVDA;20.04.1960;605420/0278;576912 AR;Budovatelů 2957;294 41;Dobrovice;819921 l.898;3;
;Kamil;Chlouba;PRAVDA;21.10.1958;581021/0290;579379 AL;Hudcova 76;568 11;Svitavy;391211 l.530;2;
Ing.;Dušan;Zemanovič;PRAVDA;22.11.1965;651122/0078;580134 BS;K.Světlé 8;471 27;Stráž p.Ralskem;435530 l.709;3;
Ing.;František;Zidlo;PRAVDA;07.11.1968;681107/0546;582003 AH;Jiříkovská 40;323 00;Plzeň;590956 l.116;3;
Ing.;Josef;Fejfar;PRAVDA;12.06.1953;530612/0311;583876 AM;Kotorská 16;353 01;Mar.Lázně;554712 l.144;3;
Ing.;Lucie;Holá;NEPRAVDA;05.02.1953;535205/0193;586589 BX;Anglická 8;180 00;Praha 8;317909 l.508;3;
Ing.;Petr;Ďungel;PRAVDA;07.05.1949;490507/0274;589799 AC;Veselého 1645/4;407 49;Varnsdorf;763610 l.841;3;
;Ivan;Pašek;PRAVDA;20.07.1960;600720/0169;592559 BA;Prokopova 14;293 01;Mladá Boleslav;669274 l.521;1;
;Milan;Sluka;PRAVDA;16.05.1970;700516/0170;593699 AJ;Martanovičová 2;659 10;Brno;865498 l.533;2;
;Richard;Kededr;PRAVDA;01.06.1948;480601/0252;594408 BJ;Smečky 28;690 02;Břeclav;709427 l.355;1;
PhDr.;Radovan;Lánský;PRAVDA;09.02.1937;370209/0482;596125 AR;Bechyňská 7;965 01;Žiar nad Hronom;483697 l.167;3;
;Bohuslav;Ďábelský;PRAVDA;18.04.1958;580418/0405;598482 BN;Thákurova 7;955 01;Topolčany;217914 l.827;1;
;Miroslav;Svoboda;PRAVDA;17.03.1947;470317/0683;602254 BJ;Košířská 7;150 64;Praha 5;90741 l.858;2;
;Josef;Bureš;PRAVDA;12.04.1967;670412/0535;606064 AD;28.října 434;034 20;Levice;769077 l.525;2;
Ing.;Josef;Václ;PRAVDA;07.06.1940;400607/0424;606701 BO;tř.28.října 1;130 66;Praha 3;954677 l.718;3;
;Josef;Semela;PRAVDA;03.08.1932;320803/0091;609178 BL;alej Svobody 56;756 54;Zubří;616497 l.601;2;
;Milan;Novotný;PRAVDA;16.01.1953;530116/0023;613075 BV;nám.F.L.Věka 2;140 00;Praha 4;550255 l.322;1;
RNDr.;Ludmila;Merhautová;NEPRAVDA;09.08.1968;685809/0497;619227 AL;Machkova 587;562 06;Ústí nad Orlicí;829112 l.121;3;
Ing.;Marian;Sobota;PRAVDA;28.05.1931;310528/0367;623975 AO;Průmyslova 2a;120 00;Praha 2;897905 l.307;3;
;Imrich;Gantner;PRAVDA;03.03.1961;610303/0605;630484 BL;Matulíkova 21;813 61;Bratislava;471712 l.575;2;
Ing.;Jaroslav;Záhlava;PRAVDA;01.08.1935;350801/0047;635319 AI;Kozinova 10;290 01;Poděbrady;821296 l.847;3;
PhDr.;Radovan;Chudoba;PRAVDA;13.07.1948;480713/0613;639417 BV;Bělohorská 89;252 42;Jesenice u Prahy;447454 l.399;3;
Ing.;Vladimír;Havránek;PRAVDA;02.05.1938;380502/0239;643736 AQ;Stanislavova 7;350 64;Cheb;389714 l.334;3;
RNDr.;Milan;Janda;PRAVDA;13.10.1940;401013/0375;647367 AF;Jindřišská 23;709 70;Ostrava;160922 l.423;3;
Ing.;Ladislav;Cvalda;PRAVDA;05.08.1952;520805/0005;649298 AC;Teplická 395;503 51;Chlumec n/Cid.;779792 l.970;3;
;Jan;Ádler;PRAVDA;09.08.1938;380809/0639;656217 AL;Žerotínova 83;821 09;Bratislava;758867 l.122;1;
;Jan;Matis;PRAVDA;18.08.1931;310818/0634;656878 BK;Sinkulova 83;140 02;Praha 4;26148 l.817;1;
Mgr.;Pavol;Prosecký;PRAVDA;04.03.1943;430304/0320;656970 AB;Na Zderaze 15;530 59;Pardubice;975428 l.454;3;
Ing.;Tomáš;Směšný;PRAVDA;19.10.1935;351019/0545;659622 BT;Příčná 4a;370 03;České Budějovice;165170 l.528;3;
RNDr.;Jan;Baše;PRAVDA;25.04.1954;540425/0533;660772 BQ;Zemědělská 1;112 86;Praha 10;742921 l.422;3;
;Petr;Kohout;PRAVDA;24.06.1955;550624/0231;663994 AQ;Voříškova 460;272 01;Kladno;364783 l.974;1;
Ing.;Tomáš;Pučálka;PRAVDA;20.05.1948;480520/0227;664108 AH;Rooseveltova 23;250 88;Čalákovice;942225 l.169;3;
Ing.;Milan;Klímek;PRAVDA;21.12.1936;361221/0304;666674 AX;28. října 15;974 00;Banská Bystrica;700764 l.435;3;
Ing.;Pavel;Juráček;PRAVDA;30.12.1960;601230/0389;666996 AS;Košická 2;149 00;Praha 4;859118 l.23;3;
RNDr.;Petr;Hůla;PRAVDA;20.05.1941;410520/0002;669813 AI;Varšavské nám.;370 21;České Budějovice;913252 l.616;3;
;Tomáš;Voldán;PRAVDA;01.04.1955;550401/0494;670074 AT;Kociánova 788;434 03;Most;470812 l.884;2;
Ing.;Hubert;Novák;PRAVDA;04.03.1946;460304/0511;672052 BW;T.G.Masaryka 6;120 29;Praha 2;75096 l.757;3;
Ing.;Vladimír;Hujer;PRAVDA;31.01.1956;560131/0599;674932 AD;Lipová 33;130 00;Praha 3;690428 l.437;3;
Ing.;Vladimír;Kubát;PRAVDA;04.12.1965;651204/0441;680094 BL;V úvalu 84;190 11;Praha 9;481789 l.367;3;
Ing.;Jan;Houska;PRAVDA;21.09.1942;420921/0627;681352 AS;Kateřinská 32;160 00;Praha 6;223965 l.701;3;
;Karol;Prudil;PRAVDA;20.03.1954;540320/0666;682177 AU;Národní tř. 25;161 06;Praha 6;681985 l.709;1;
;Alfréd;Kotas;PRAVDA;02.05.1957;570502/0650;683489 BI;Kolínská 22/173;516 01;Rychnov n.Kněž.;974334 l.206;2;
Ing.;Jan;Klimko;PRAVDA;28.10.1940;401028/0463;683904 AD;Dvořákova 13;301 45;Plzeň;417897 l.662;3;
Ing.;Jiří;Angrle;PRAVDA;17.07.1962;620717/0541;684126 AL;Smetanovo nábř.;041 65;Košice;665991 l.527;3;
;Imrich;Čabák;PRAVDA;10.06.1964;640610/0213;685254 BX;Karlova 45;029 01;Námestovo;533849 l.771;2;
;Slavomír;Měřička;PRAVDA;27.02.1949;490227/0417;685594 AA;Žitná 32;709 74;Ostrava;527612 l.198;1;
Ing.;Miroslava;Šímová;NEPRAVDA;20.04.1931;315420/0593;685750 BH;Školní 41;393 01;Pelhřimov;418823 l.969;3;
Mgr.;Petr;Velebný;PRAVDA;11.05.1948;480511/0332;687916 BP;Budovatelů 2957;170 00;Praha 7;271336 l.517;3;
;Jaroslav;Chmel;PRAVDA;18.06.1940;400618/0587;689882 AN;Tovární 226;190 11;Praha - Běchovice;742361 l.387;1;
Ing.;Bohuslav;Kopp;PRAVDA;15.11.1940;401115/0685;702860 AL;Družstevní 5;963 18;Banská Bystrica;17204 l.890;3;
Ing.;Ludmila;Lečíková;NEPRAVDA;20.05.1934;345520/0328;703463 AU;Dr.M.Horákove 5;831 04;Bratislava;428894 l.333;3;
Ing.;Václav;Vyskočil;PRAVDA;07.08.1955;550807/0117;703911 BO;Kubelíkova 12;500 00;Hradec Králové;304268 l.243;3;
Dr.;Jaromír;Klepáč;PRAVDA;16.01.1945;450116/0478;704835 BM;Papírenská 10;360 00;Karlovy Vary;173885 l.661;3;
;Ivan;Šulc;PRAVDA;18.04.1950;500418/0534;707662 BW;E.Krásnohorské;042 00;Košice;679240 l.154;2;
Ing.;Petr;Bína;PRAVDA;13.04.1946;460413/0033;710194 BK;Jiráskova 2042;961 02;Zvolen;20320 l.905;3;
Ing.;Jan;Smolka;PRAVDA;15.05.1945;450515/0067;711280 AF;Botanická 68;659 10;Brno;962105 l.289;3;
;Ivan;Kohútik;PRAVDA;08.04.1965;650408/0638;712210 BJ;Vodičkova 30,PO;390 53;Tábor;228658 l.692;1;
;Jitka;Kubínová;NEPRAVDA;18.01.1933;335118/0556;716737 AA;Havlíčkovo náb.;110 00;Praha 1;55101 l.798;2;
Ing.;Kamila;Strnadová;NEPRAVDA;28.08.1957;575828/0355;719514 BX;Oblouková 11;110 00;Praha 1;801674 l.252;3;
;Milan;Alexander;PRAVDA;24.01.1959;590124/0696;722437 AK;Bezručovo nám.1;730 16;Ostrava;176060 l.891;2;
;Milan;Stach;PRAVDA;13.01.1966;660113/0538;723513 AP;Jihoslovanská 1;768 61;Bystřice p.Host.;486304 l.965;2;
;Peter;Leško;PRAVDA;06.02.1955;550206/0015;724873 BM;Merhautova 148;113 20;Praha 1;718515 l.299;2;
;Filip;Blahuš;PRAVDA;24.02.1953;530224/0591;734201 BR;Mírove nám.190;010 01;Žilina;559692 l.419;2;
;Milan;Tous;PRAVDA;03.05.1936;360503/0145;735055 BQ;Vršovická č.65;010 01;Žilina;304463 l.189;1;
RNDr.;Jan;Bílek;PRAVDA;24.02.1958;580224/0562;735673 BM;Soběšická 137;110 00;Praha 1;887526 l.706;3;
Ing.;Jan;Zeman;PRAVDA;13.10.1968;681013/0520;735966 BW;Křižíkova 2;370 05;České Budějovice;140805 l.815;3;
;Bohumil;Veřtat;PRAVDA;07.11.1958;581107/0597;736126 AH;Uranová 396;613 00;Brno;256448 l.537;1;
Ing.;Jan;Siegler;PRAVDA;06.05.1960;600506/0251;736193 BG;Straznicka 10;470 34;Česká Lípa;219729 l.882;3;
Ing.;Tomáš;Voda;PRAVDA;20.06.1940;400620/0417;736486 BH;Tajovského 4;747 70;Opava Komárov;936249 l.390;3;
MUDr.;Edvard;Plchot;PRAVDA;08.02.1950;500208/0100;736864 AV;U ploché dráhy;118 01;Praha 1;262841 l.596;3;
Mgr.;Ivan;Pavelec;PRAVDA;21.06.1945;450621/0688;737591 BI;Čenovská 434;111 72;Praha 1;7114 l.611;3;
Ing.;Jan;Reinberger;PRAVDA;03.01.1937;370103/0037;742257 BP;Valdštejnská 9;741 11;Nový Jičín;609094 l.92;3;
;Kateřina;Škvorová;NEPRAVDA;05.06.1947;475605/0441;744499 BR;Asmolovova 28;976 03;Harmanec;905058 l.263;2;
Ing.;Jan;Vostřil;PRAVDA;19.02.1930;300219/0598;748002 AK;Husitská 12;274 01;Slaný;472964 l.738;3;
Ing.;Dalibor;Fajgara;PRAVDA;13.09.1948;480913/0185;749938 AD;Havlíčkova 11;400 11;Ústí nad Labem;601884 l.191;3;
;Bohumil;Bakeš;PRAVDA;16.05.1961;610516/0695;755980 BG;Čs.armády 11;014 01;Bytča;756462 l.85;2;
Ing.;Hugo;Cihlář;PRAVDA;10.06.1947;470610/0149;757024 BV;8.března 105/16;377 82;Jindř.Hradec;754815 l.915;3;
Ing.;Jan;Dvořák;PRAVDA;24.09.1942;420924/0008;757615 AA;Chrabčiakova 3;170 89;Praha 7;955428 l.695;3;
;Kamil;Mlynář;PRAVDA;04.04.1965;650404/0592;757813 BM;Čínská 8;390 01;Tábor;712781 l.514;2;
;Miroslava;Soukupová;NEPRAVDA;24.12.1970;706224/0681;759252 BF;Krhova 303;403 31;Neštěmice;178815 l.544;2;
;Ivan;Palata;PRAVDA;06.07.1964;640706/0021;759354 BB;Fryčajova 901;921 01;Piešťany;378120 l.269;2;
Ing.;Igor;Karásek;PRAVDA;22.05.1970;700522/0198;762638 AR;Hřibská 10;334 00;Domažlice;451934 l.154;3;
Ing.;Petr;Tesař;PRAVDA;29.10.1939;391029/0439;766191 AA;Vinohradská 3;405 00;Děčín;495195 l.514;3;
Mgr.;Anna;Gurtlerová;NEPRAVDA;10.11.1949;496110/0086;767142 AC;Branická 89;760 00;Zlín;963293 l.131;3;
;Imrich;Schauer;PRAVDA;12.03.1966;660312/0659;767698 AX;Nádražní 4;796 00;Prostějov;566827 l.323;1;
;Jan;Belák;PRAVDA;23.02.1946;460223/0041;770102 AM;Pod Záhorskem 2;580 94;Havlíčkův Brod;463235 l.704;1;
;Milan;Janíček;PRAVDA;06.09.1965;650906/0148;770766 AL;Blanická 12;602 00;Brno;284372 l.812;2;
Ing.;Pavel;Hlaváček;PRAVDA;23.02.1944;440223/0439;771998 AX;Černyševského 3;768 61;Bystřice p.Host.;64214 l.527;3;
;Josef;Fuksa;PRAVDA;30.03.1960;600330/0097;773909 AP;Obránců míru 85;842 15;Bratislava;838332 l.577;1;
;Stanislava;Kočová;NEPRAVDA;28.11.1958;586128/0491;777677 BH;Žitná 32;360 01;Karlovy Vary;433811 l.185;1;
MUDr.;Tomáš;Olšán;PRAVDA;27.02.1956;560227/0534;778010 BT;Uherská 7;506 01;Jičín;846995 l.341;3;
;Ladislav;Vysoký;PRAVDA;21.11.1963;631121/0467;781864 AM;Okružní 99;113 39;Praha 2;474926 l.603;1;
Ing.;Lubor;Kabíček;PRAVDA;18.07.1949;490718/0299;784046 AW;Smetanovy sady;293 05;Kosmonosy;295264 l.681;3;
;František;Langr;PRAVDA;26.05.1963;630526/0219;784942 AC;Rumjancevova 3;140 02;Praha 4;928715 l.71;1;
PhDr.;Jiří;Soukal;PRAVDA;18.05.1937;370518/0489;786266 BG;Bělohorská 89;272 63;Kladno;187574 l.569;3;
RNDr.;Pavel;Chlad;PRAVDA;19.12.1969;691219/0563;788709 AQ;T.G.Masaryka 6;048 01;Rožňava;35170 l.516;3;
Ing.;Jan;Beneš;PRAVDA;28.01.1945;450128/0005;789248 AT;Tyršova 8;438 01;Žatec;626626 l.224;3;
MUDr.;Radim;Magula;PRAVDA;03.11.1942;421103/0312;790590 BR;Třebíčská 1173;471 12;Česká Lípa;860870 l.435;3;
;Přemysl;Bohadlo;PRAVDA;18.03.1939;390318/0585;791498 AL;Olšanská 1a;040 01;Košice;582390 l.819;1;
;Josef;Kolář;PRAVDA;01.05.1962;620501/0020;792334 AG;17. listopadu;432 01;Kadaň;632116 l.245;2;
Ing.;Roman;Janoušek;PRAVDA;01.03.1961;610301/0622;794123 AR;Poštorná 8;288 78;Nymburk;307966 l.515;3;
;Pavel;Mayer;PRAVDA;30.04.1961;610430/0277;801291 AC;Vodičkova 29;738 02;Frýdek-Místek;716962 l.85;1;
;Roman;Kolář;PRAVDA;14.09.1935;350914/0049;803905 BT;V.Nejedlého 12;186 00;Praha 8;399339 l.522;1;
RNDr.;Miloš;Jablonský;PRAVDA;13.12.1931;311213/0293;805825 BN;Škroupova 13;530 21;Slatiňany;70648 l.606;3;
;Petr;Tkáč;PRAVDA;28.10.1935;351028/0476;807857 AA;Voříškova 460;110 00;Praha 1;270433 l.722;1;
;Josef;Zavřel;PRAVDA;12.06.1955;550612/0621;810800 AV;Jiřinská 16;058 01;Poprad;222028 l.812;2;
Mgr.;Jan;Hesoun;PRAVDA;03.12.1930;301203/0544;812444 BO;Nábřežní 78;675 50;Dukovany;195306 l.845;3;
Ing.;Vladimír;Jelínek;PRAVDA;07.12.1964;641207/0597;813951 BO;Mlýnská 2780;110 00;Praha 1;845695 l.693;3;
Ing.;Vladimír;Halm;PRAVDA;10.08.1968;680810/0051;816873 BX;Mírové nám. 7;405 49;Děčín;267543 l.210;3;
;Tomáš;Macourek;PRAVDA;18.06.1955;550618/0450;817997 AT;Slovanská 7879;080 01;Prešov;508817 l.140;1;
;Ivan;Kováč;PRAVDA;04.08.1967;670804/0114;819395 BS;Grosslingova 35;150 64;Praha 5;674380 l.473;2;
Ing.;Jaroslav;Forman;PRAVDA;16.09.1933;330916/0031;819514 AV;Jírovského 7;029 01;Námestovo;839148 l.184;3;
RNDr.;Petr;Hejna;PRAVDA;04.07.1931;310704/0101;819766 BO;Chrudimská 5;821 08;Bratislava;621173 l.864;3;
Ing.;Věra;Žatečková;NEPRAVDA;31.12.1965;656231/0161;823696 AG;Poděbradská 186;636 00;Brno;666016 l.590;3;
;Jan;Bohm;PRAVDA;07.05.1935;350507/0518;824692 BE;Lipová 31;907 01;Myjava;375711 l.803;2;
Mgr.;Petr;Barták;PRAVDA;17.01.1963;630117/0424;827940 AW;Nádražní 31;405 00;Děčín;630664 l.7;3;
;František;Rybenský;PRAVDA;20.01.1945;450120/0225;830950 AM;Radlická 2;150 00;Praha 5;344255 l.103;1;
Ing.;Petr;Machálek;PRAVDA;21.10.1951;511021/0518;833871 AG;Žerotínova 1;612 00;Brno;228669 l.813;3;
Ing.;František;Brázda;PRAVDA;23.10.1933;331023/0054;836177 BX;Nádražní 7;036 07;Vrútky;627665 l.345;3;
Ing.;Jaroslav;Král;PRAVDA;01.08.1959;590801/0543;844917 BR;Markova 953;272 01;Kladno;509421 l.931;3;
Ing.;Milan;Maralík;PRAVDA;18.05.1931;310518/0318;845897 BC;ul.ČSA 3/1697;116 68;Praha 1;37239 l.929;3;
RNDr.;Vladimír;Novák;PRAVDA;10.01.1941;410110/0612;846818 AU;Madridská 12;130 00;Praha 3;209413 l.938;3;
JUDr.;Iva;Hlaváčová;NEPRAVDA;24.04.1964;645424/0511;847888 AJ;Hlávkových 41;160 00;Praha 6;699494 l.825;3;
MUDr.;Miloš;Koteš;PRAVDA;18.03.1933;330318/0481;847910 BF;Tatranská 8;290 34;Poděbrady;227052 l.751;3;
;František;Nývlt;PRAVDA;10.03.1932;320310/0305;856656 BV;Učňovská 100/1;113 39;Praha 2;940659 l.832;1;
Ing.;Miroslav;Banár;PRAVDA;23.08.1970;700823/0477;857213 AP;Okružní 666;833 62;Bratislava;312364 l.939;3;
Ing.;Milan;Bláha;PRAVDA;23.07.1959;590723/0385;861695 AJ;Děčínská 1762;500 75;Hradec Králové;877010 l.904;3;
;Jiri;Hiller;PRAVDA;17.01.1966;660117/0500;863239 AP;Králova 55;370 86;České Budějovice;726780 l.938;2;
;Roman;Hubáček;PRAVDA;23.01.1944;440123/0030;864338 AU;Národní 11;253 01;Hostivice;257609 l.258;1;
Ing.;Petr;Pek;PRAVDA;30.05.1935;350530/0674;870069 AT;U stadionu 27;100 05;Praha 10;47430 l.614;3;
Ing.;Jaroslav;Rindoš;PRAVDA;31.01.1948;480131/0531;875462 BM;Komenského 13;113 26;Praha 1;447000 l.625;3;
Ing.;Ivan;Musil;PRAVDA;25.01.1937;370125/0251;878507 AX;Roudnická 77;182 00;Praha 8;197622 l.462;3;
;Helena;Antonová;NEPRAVDA;04.11.1965;656104/0263;880380 AV;Holušická 3;145 00;Praha 4;767871 l.226;2;
;Tomáš;Navrátil;PRAVDA;28.08.1955;550828/0445;885080 BM;Jungmannova 34;272 00;Kladno;858826 l.355;2;
Ing.;Helena;Sojková;NEPRAVDA;04.05.1949;495504/0200;885870 AS;Kladenská 3;280 00;Kolín;12170 l.490;3;
;Hana;Pourová;NEPRAVDA;20.04.1953;535420/0207;888891 AX;Levočská 2;434 93;Most;24053 l.203;2;
;Libor;Ramík;PRAVDA;05.10.1947;471005/0126;890799 BI;Havlíčkova 8;146 20;Praha 4;191312 l.304;2;
Ing.;Stanislava;Otavová;NEPRAVDA;20.12.1947;476220/0343;892161 AO;Družstevní 1295;118 01;Praha 1;813574 l.36;3;
;Ivan;Míšek;PRAVDA;07.10.1951;511007/0087;898615 AL;Plynární 6;934 01;Levice;321927 l.974;1;
;Jan;Svoboda;PRAVDA;03.10.1954;541003/0394;904369 BB;Tomášova 2190;193 00;Praha 9;499364 l.70;1;
Ing.;Tomáš;Pošta;PRAVDA;11.06.1943;430611/0138;909576 AJ;Závodní 31;547 00;Náchod;595411 l.567;3;
RNDr.;Josef;Gajdošík;PRAVDA;12.06.1967;670612/0198;911800 AJ;Pampeliškova 15;323 27;Plzeň;790346 l.12;3;
Ing.;Jan;Půbal;PRAVDA;08.02.1939;390208/0348;921802 BC;Halasova 2;405 00;Děčín;172512 l.58;3;
Ing.;Jana;Novotná;NEPRAVDA;20.09.1950;505920/0637;922923 BR;Arnoštová 22;120 00;Praha 2;826551 l.173;3;
Ing.;Petr;Král;PRAVDA;01.10.1940;401001/0398;923725 AN;Lochmanova 660;142 00;Praha 4;305572 l.107;3;
;Jaroslav;Kantor;PRAVDA;21.01.1943;430121/0414;924842 BB;Škroupova ul. 5;413 28;Roudnice n.L.;363670 l.954;1;
Mgr.;Helena;Malá;NEPRAVDA;16.02.1960;605216/0002;925924 BG;Lidická 1;180 00;Praha 8;271217 l.562;3;
Ing.;Ivan;Bičík;PRAVDA;06.09.1947;470906/0635;932884 AP;Lázeňská 354;657 97;Brno;590921 l.877;3;
;Jan;Hejna;PRAVDA;22.12.1943;431222/0201;933264 AM;Světlá Hora 407;120 00;Praha 2;744067 l.601;1;
;Tomáš;Kotásek;PRAVDA;14.12.1964;641214/0497;936377 AG;Optiky 16;110 00;Praha 1;466045 l.990;1;
Ing.;Helena;Gurtlerová;NEPRAVDA;21.03.1960;605321/0502;938415 BA;Kunratická 8;337 13;Rokycany;971952 l.478;3;
Ing.;Leoš;Huňady;PRAVDA;25.05.1957;570525/0108;938921 AX;Husitská 7;160 08;Praha 6;505077 l.708;3;
PhDr.;Petr;Jiráček;PRAVDA;18.02.1947;470218/0256;942263 BF;Bardejovská;294 41;Dobrovice;295009 l.132;3;
Ing.;Věra;Černá;NEPRAVDA;23.02.1967;675223/0180;944916 BM;Boleslavova 1;300 00;Plzeň;661270 l.250;3;
;Petr;Dobeš;PRAVDA;04.07.1935;350704/0488;945238 BD;Komenského 13;688 01;Uherský Brod;362336 l.255;2;
Ing.;František;Brada;PRAVDA;29.07.1941;410729/0501;945261 AN;Příkopy 292;835 17;Bratislava;9485 l.785;3;
Ing.;Slavomír;Borecký;PRAVDA;07.05.1938;380507/0303;948431 AQ;Rooseveltova 23;974 45;Banská Bystrica;157845 l.759;3;
;Petr;Frantík;PRAVDA;06.02.1954;540206/0107;948861 AX;Květinová 78;036 07;Vrútky;637696 l.503;2;
;Jan;Novotný;PRAVDA;15.09.1940;400915/0616;952189 BT;Voderadská 907;539 27;Hlinsko;457273 l.721;1;
Ing.;Petr;Lúčanský;PRAVDA;16.08.1949;490816/0666;953447 AN;Palackého 1;537 33;Chrudim;115526 l.517;3;
;Pavel;Tejkl;PRAVDA;08.04.1935;350408/0068;953491 AN;Jirkovského 48;337 13;Rokycany;926113 l.627;2;
;Ivan;Fidler;PRAVDA;03.03.1955;550303/0526;955217 BO;Holandská 7;911 22;Trenčín;246136 l.488;2;
Ing.;Augustín;Žofka;PRAVDA;17.11.1956;561117/0068;956019 AI;Kostelní 26;120 00;Praha 2;63260 l.845;3;
;Miroslav;Fojtů;PRAVDA;10.09.1968;680910/0075;957150 BS;Svatopetrská 7;017 01;Pováž.Bystrica;838978 l.530;1;
;Hana;Kanuščáková;NEPRAVDA;23.09.1968;685923/0472;959182 BC;Dvořákova 13;906 13;Brezová pod Br.;389934 l.638;2;
RNDr.;Anna;Dostálová;NEPRAVDA;07.06.1941;415607/0385;960695 AS;Jeremenkova 36;968 18;Nová Baňa;120003 l.341;3;
MUDr.;Petr;Brich;PRAVDA;04.10.1957;571004/0187;961085 AQ;Masarykovo n.1;747 70;Opava Komárov;755995 l.96;3;
;Miroslav;Paur;PRAVDA;22.10.1952;521022/0571;963634 AM;Ježkova 45;705 00;Ostrava;107468 l.737;2;
Ing.;Milan;Pacák;PRAVDA;12.05.1967;670512/0576;970328 BW;Vodičkova 32;293 01;Mladá Boleslav;11585 l.906;3;
;Jan;Sadil;PRAVDA;03.10.1955;551003/0358;972410 AP;Teplická 8;118 01;Praha 1;100284 l.483;1;
;Jan;Beneš;PRAVDA;22.11.1945;451122/0263;972417 BG;Vltavská 13;656 97;Brno;614829 l.964;1;
Ing.;Aleš;Kubát;PRAVDA;28.12.1961;611228/0469;973399 BJ;Lesní 1;301 68;Plzeň;144078 l.363;3;
;Karel;Gaisler;PRAVDA;27.01.1943;430127/0016;973624 BJ;Londýnská 55;831 06;Bratislava;296165 l.975;2;
Ing.;Vratislav;Denemark;PRAVDA;21.06.1944;440621/0579;979382 BI;Karlova 555;100 00;Praha 10;892390 l.406;3;
;Milan;Diblík;PRAVDA;14.03.1955;550314/0608;980833 BJ;Hradecká 235;140 00;Praha 4;758329 l.323;2;
Ing.;Hana;Husová;NEPRAVDA;16.01.1954;545116/0007;981155 AP;K.Světlé 34;150 00;Praha 5;994755 l.178;3;
;Jan;Blažek;PRAVDA;11.03.1961;610311/0660;986546 BV;Janského 11;272 01;Kladno;402661 l.539;2;
;František;Polášek;PRAVDA;22.03.1931;310322/0508;990627 AN;Zelený pruh 99;033 15;Lipt. Hrádok;319314 l.403;1;
;Jan;Kvapil;PRAVDA;11.10.1952;521011/0383;991430 BE;Novinářská 7;284 03;Kutná Hora;446241 l.193;1;
Ing.;František;Balek;PRAVDA;25.07.1968;680725/0197;992325 BP;Na Hradčanech 7;370 86;České Budějovice;878728 l.271;3;
;Jan;Cvrk;PRAVDA;08.08.1937;370808/0341;993352 AQ;Ivanova 11;140 57;Praha 4;228453 l.472;2;
RNDr.;František;Wiesner;PRAVDA;02.03.1963;630302/0181;993815 AM;Továrenská 8;101 00;Praha 10;694785 l.940;3;
;Jan;Hrazdil;PRAVDA;08.09.1938;380908/0482;994739 BI;Topolčianská 22;044 54;Košice;492337 l.196;1;
